<?xml version="1.0" encoding="UTF-8"?>
<metadata xml:lang="it"><Esri><CreaDate>20220314</CreaDate><CreaTime>18430700</CreaTime><ArcGISFormat>1.0</ArcGISFormat><SyncOnce>FALSE</SyncOnce><DataProperties><itemProps><itemName Sync="TRUE">transects_cover</itemName><imsContentType Sync="TRUE">002</imsContentType><itemSize Sync="TRUE">0.000</itemSize><itemLocation><linkage Sync="TRUE">file://\\DST-LABGEOM2\E$\Regine Faelga\Thesis_Processing Files\vegetation\transects_cover.shp</linkage><protocol Sync="TRUE">Local Area Network</protocol></itemLocation></itemProps><coordRef><type Sync="TRUE">Projected</type><geogcsn Sync="TRUE">GCS_ETRS_1989</geogcsn><csUnits Sync="TRUE">Linear Unit: Meter (1.000000)</csUnits><projcsn Sync="TRUE">ETRS_1989_UTM_Zone_32N</projcsn><peXml Sync="TRUE">&lt;ProjectedCoordinateSystem xsi:type='typens:ProjectedCoordinateSystem' xmlns:xsi='http://www.w3.org/2001/XMLSchema-instance' xmlns:xs='http://www.w3.org/2001/XMLSchema' xmlns:typens='http://www.esri.com/schemas/ArcGIS/10.6'&gt;&lt;WKT&gt;PROJCS[&amp;quot;ETRS_1989_UTM_Zone_32N&amp;quot;,GEOGCS[&amp;quot;GCS_ETRS_1989&amp;quot;,DATUM[&amp;quot;D_ETRS_1989&amp;quot;,SPHEROID[&amp;quot;GRS_1980&amp;quot;,6378137.0,298.257222101]],PRIMEM[&amp;quot;Greenwich&amp;quot;,0.0],UNIT[&amp;quot;Degree&amp;quot;,0.0174532925199433]],PROJECTION[&amp;quot;Transverse_Mercator&amp;quot;],PARAMETER[&amp;quot;False_Easting&amp;quot;,500000.0],PARAMETER[&amp;quot;False_Northing&amp;quot;,0.0],PARAMETER[&amp;quot;Central_Meridian&amp;quot;,9.0],PARAMETER[&amp;quot;Scale_Factor&amp;quot;,0.9996],PARAMETER[&amp;quot;Latitude_Of_Origin&amp;quot;,0.0],UNIT[&amp;quot;Meter&amp;quot;,1.0],AUTHORITY[&amp;quot;EPSG&amp;quot;,25832]]&lt;/WKT&gt;&lt;XOrigin&gt;-5120900&lt;/XOrigin&gt;&lt;YOrigin&gt;-9998100&lt;/YOrigin&gt;&lt;XYScale&gt;450445547.3910538&lt;/XYScale&gt;&lt;ZOrigin&gt;-100000&lt;/ZOrigin&gt;&lt;ZScale&gt;10000&lt;/ZScale&gt;&lt;MOrigin&gt;-100000&lt;/MOrigin&gt;&lt;MScale&gt;10000&lt;/MScale&gt;&lt;XYTolerance&gt;0.001&lt;/XYTolerance&gt;&lt;ZTolerance&gt;0.001&lt;/ZTolerance&gt;&lt;MTolerance&gt;0.001&lt;/MTolerance&gt;&lt;HighPrecision&gt;true&lt;/HighPrecision&gt;&lt;WKID&gt;25832&lt;/WKID&gt;&lt;LatestWKID&gt;25832&lt;/LatestWKID&gt;&lt;/ProjectedCoordinateSystem&gt;</peXml></coordRef><lineage><Process ToolSource="c:\program files (x86)\arcgis\desktop10.6\ArcToolbox\Toolboxes\Data Management Tools.tbx\Merge" Date="20220314" Time="184309">Merge T1_veg;T2_veg;T3_veg;T6_veg;T8_veg;T9_veg;T10_veg "E:\Regine Faelga\Thesis_Processing Files\vegetation\transects_cover.shp" "Id "Id" true true false 6 Long 0 6 ,First,#,T1_veg,Id,-1,-1,T2_veg,Id,-1,-1,T3_veg,Id,-1,-1,T6_veg,Id,-1,-1,T8_veg,Id,-1,-1,T9_veg,Id,-1,-1,T10_veg,Id,-1,-1;TR_FID "TR_FID" true true false 10 Long 0 10 ,First,#,T1_veg,TR_FID,-1,-1,T2_veg,TR_FID,-1,-1,T3_veg,TR_FID,-1,-1,T6_veg,TR_FID,-1,-1,T8_veg,TR_FID,-1,-1,T9_veg,TR_FID,-1,-1,T10_veg,TR_FID,-1,-1;TR_ID "TR_ID" true true false 10 Long 0 10 ,First,#,T1_veg,TR_ID,-1,-1,T2_veg,TR_ID,-1,-1,T3_veg,TR_ID,-1,-1,T6_veg,TR_ID,-1,-1,T8_veg,TR_ID,-1,-1,T9_veg,TR_ID,-1,-1,T10_veg,TR_ID,-1,-1;TR_SEGMENT "TR_SEGMENT" true true false 10 Long 0 10 ,First,#,T1_veg,TR_SEGMENT,-1,-1,T2_veg,TR_SEGMENT,-1,-1,T3_veg,TR_SEGMENT,-1,-1,T6_veg,TR_SEGMENT,-1,-1,T8_veg,TR_SEGMENT,-1,-1,T9_veg,TR_SEGMENT,-1,-1,T10_veg,TR_SEGMENT,-1,-1;TR_ANGLE "TR_ANGLE" true true false 6 Float 2 5 ,First,#,T1_veg,TR_ANGLE,-1,-1,T2_veg,TR_ANGLE,-1,-1,T3_veg,TR_ANGLE,-1,-1,T6_veg,TR_ANGLE,-1,-1,T8_veg,TR_ANGLE,-1,-1,T9_veg,TR_ANGLE,-1,-1,T10_veg,TR_ANGLE,-1,-1;TR_LENGTH "TR_LENGTH" true true false 21 Double 6 20 ,First,#,T1_veg,TR_LENGTH,-1,-1,T2_veg,TR_LENGTH,-1,-1,T3_veg,TR_LENGTH,-1,-1,T6_veg,TR_LENGTH,-1,-1,T8_veg,TR_LENGTH,-1,-1,T9_veg,TR_LENGTH,-1,-1,T10_veg,TR_LENGTH,-1,-1;TR_ORIENT "TR_ORIENT" true true false 1 Short 0 1 ,First,#,T1_veg,TR_ORIENT,-1,-1,T2_veg,TR_ORIENT,-1,-1,T3_veg,TR_ORIENT,-1,-1,T6_veg,TR_ORIENT,-1,-1,T8_veg,TR_ORIENT,-1,-1,T9_veg,TR_ORIENT,-1,-1,T10_veg,TR_ORIENT,-1,-1"</Process></lineage></DataProperties><SyncDate>20220314</SyncDate><SyncTime>18430700</SyncTime><ModDate>20220314</ModDate><ModTime>18430700</ModTime></Esri><dataIdInfo><envirDesc Sync="TRUE"> Version 6.2 (Build 9200) ; Esri ArcGIS 10.6.1.9270</envirDesc><dataLang><languageCode value="ita" Sync="TRUE"></languageCode><countryCode value="ITA" Sync="TRUE"></countryCode></dataLang><idCitation><resTitle Sync="TRUE">transects_cover</resTitle><presForm><PresFormCd value="005" Sync="TRUE"></PresFormCd></presForm></idCitation><spatRpType><SpatRepTypCd value="001" Sync="TRUE"></SpatRepTypCd></spatRpType></dataIdInfo><mdLang><languageCode value="ita" Sync="TRUE"></languageCode><countryCode value="ITA" Sync="TRUE"></countryCode></mdLang><mdChar><CharSetCd value="004" Sync="TRUE"></CharSetCd></mdChar><distInfo><distFormat><formatName Sync="TRUE">Shapefile</formatName></distFormat><distTranOps><transSize Sync="TRUE">0.000</transSize></distTranOps></distInfo><mdHrLv><ScopeCd value="005" Sync="TRUE"></ScopeCd></mdHrLv><mdHrLvName Sync="TRUE">dataset</mdHrLvName><refSysInfo><RefSystem><refSysID><identCode code="25832" Sync="TRUE"></identCode><idCodeSpace Sync="TRUE">EPSG</idCodeSpace><idVersion Sync="TRUE">5.1(4.0.0)</idVersion></refSysID></RefSystem></refSysInfo><spatRepInfo><VectSpatRep><geometObjs Name="transects_cover"><geoObjTyp><GeoObjTypCd value="002" Sync="TRUE"></GeoObjTypCd></geoObjTyp><geoObjCnt Sync="TRUE">0</geoObjCnt></geometObjs><topLvl><TopoLevCd value="001" Sync="TRUE"></TopoLevCd></topLvl></VectSpatRep></spatRepInfo><spdoinfo><ptvctinf><esriterm Name="transects_cover"><efeatyp Sync="TRUE">Simple</efeatyp><efeageom code="3" Sync="TRUE"></efeageom><esritopo Sync="TRUE">FALSE</esritopo><efeacnt Sync="TRUE">0</efeacnt><spindex Sync="TRUE">FALSE</spindex><linrefer Sync="TRUE">FALSE</linrefer></esriterm></ptvctinf></spdoinfo><eainfo><detailed Name="transects_cover"><enttyp><enttypl Sync="TRUE">transects_cover</enttypl><enttypt Sync="TRUE">Feature Class</enttypt><enttypc Sync="TRUE">0</enttypc></enttyp><attr><attrlabl Sync="TRUE">FID</attrlabl><attalias Sync="TRUE">FID</attalias><attrtype Sync="TRUE">OID</attrtype><attwidth Sync="TRUE">4</attwidth><atprecis Sync="TRUE">0</atprecis><attscale Sync="TRUE">0</attscale><attrdef Sync="TRUE">Internal feature number.</attrdef><attrdefs Sync="TRUE">Esri</attrdefs><attrdomv><udom Sync="TRUE">Sequential unique whole numbers that are automatically generated.</udom></attrdomv></attr><attr><attrlabl Sync="TRUE">Shape</attrlabl><attalias Sync="TRUE">Shape</attalias><attrtype Sync="TRUE">Geometry</attrtype><attwidth Sync="TRUE">0</attwidth><atprecis Sync="TRUE">0</atprecis><attscale Sync="TRUE">0</attscale><attrdef Sync="TRUE">Feature geometry.</attrdef><attrdefs Sync="TRUE">Esri</attrdefs><attrdomv><udom Sync="TRUE">Coordinates defining the features.</udom></attrdomv></attr><attr><attrlabl Sync="TRUE">Id</attrlabl><attalias Sync="TRUE">Id</attalias><attrtype Sync="TRUE">Integer</attrtype><attwidth Sync="TRUE">6</attwidth><atprecis Sync="TRUE">6</atprecis><attscale Sync="TRUE">0</attscale></attr><attr><attrlabl Sync="TRUE">TR_FID</attrlabl><attalias Sync="TRUE">TR_FID</attalias><attrtype Sync="TRUE">Integer</attrtype><attwidth Sync="TRUE">10</attwidth><atprecis Sync="TRUE">10</atprecis><attscale Sync="TRUE">0</attscale></attr><attr><attrlabl Sync="TRUE">TR_ID</attrlabl><attalias Sync="TRUE">TR_ID</attalias><attrtype Sync="TRUE">Integer</attrtype><attwidth Sync="TRUE">10</attwidth><atprecis Sync="TRUE">10</atprecis><attscale Sync="TRUE">0</attscale></attr><attr><attrlabl Sync="TRUE">TR_SEGMENT</attrlabl><attalias Sync="TRUE">TR_SEGMENT</attalias><attrtype Sync="TRUE">Integer</attrtype><attwidth Sync="TRUE">10</attwidth><atprecis Sync="TRUE">10</atprecis><attscale Sync="TRUE">0</attscale></attr><attr><attrlabl Sync="TRUE">TR_ANGLE</attrlabl><attalias Sync="TRUE">TR_ANGLE</attalias><attrtype Sync="TRUE">Single</attrtype><attwidth Sync="TRUE">6</attwidth><atprecis Sync="TRUE">5</atprecis><attscale Sync="TRUE">2</attscale></attr><attr><attrlabl Sync="TRUE">TR_LENGTH</attrlabl><attalias Sync="TRUE">TR_LENGTH</attalias><attrtype Sync="TRUE">Double</attrtype><attwidth Sync="TRUE">19</attwidth><atprecis Sync="TRUE">18</atprecis><attscale Sync="TRUE">6</attscale></attr><attr><attrlabl Sync="TRUE">TR_ORIENT</attrlabl><attalias Sync="TRUE">TR_ORIENT</attalias><attrtype Sync="TRUE">SmallInteger</attrtype><attwidth Sync="TRUE">1</attwidth><atprecis Sync="TRUE">1</atprecis><attscale Sync="TRUE">0</attscale></attr></detailed></eainfo><mdDateSt Sync="TRUE">20220314</mdDateSt></metadata>
